,precision,recall,f1-score,support
0,1.0,1.0,1.0,10.0
1,1.0,0.5555555555555556,0.7142857142857143,9.0
2,0.7333333333333333,1.0,0.8461538461538461,11.0
accuracy,0.8666666666666667,0.8666666666666667,0.8666666666666667,0.8666666666666667
macro avg,0.9111111111111111,0.8518518518518517,0.8534798534798536,30.0
weighted avg,0.9022222222222223,0.8666666666666667,0.8578754578754579,30.0
